<?xml version="1.0" encoding="ISO-8859-1" ?>
<!--  By Sonu Kapoor  --> 
<PersonList>
  <Person>
    <Name>Sonu Kapoor</Name>
    <Age>24</Age>
    <Gender>M</Gender>
    <PostalCode>54879</PostalCode>
  </Person>
  <Person>
    <Name>Jasmin</Name>
    <Age>28</Age>
    <Gender>F</Gender>
    <PostalCode>78745</PostalCode>
  </Person>
  <Person>
    <Name>Marc Anthony</Name>
    <Age>29</Age>
    <Gender>M</Gender>
    <PostalCode>89652</PostalCode>
  </Person>
  <Person>
    <Name>Denis</Name>
    <Age>35</Age>
    <Gender>M</Gender>
    <PostalCode>87525</PostalCode>
  </Person>
</PersonList>